Timestamp,AndrewID,Please check which hour blocks you are available to meet a new friend! [7am - 8am],Please check which hour blocks you are available to meet a new friend! [8am - 9am],Please check which hour blocks you are available to meet a new friend! [9am - 10am],Please check which hour blocks you are available to meet a new friend! [11am - 12pm],Please check which hour blocks you are available to meet a new friend! [12pm - 1pm],Please check which hour blocks you are available to meet a new friend! [1pm - 2pm],Please check which hour blocks you are available to meet a new friend! [2pm - 3pm],Please check which hour blocks you are available to meet a new friend! [3pm - 4pm],Please check which hour blocks you are available to meet a new friend! [4pm - 5pm],Please check which hour blocks you are available to meet a new friend! [5pm - 6pm],Please check which hour blocks you are available to meet a new friend! [6pm - 7pm],Please check which hour blocks you are available to meet a new friend! [7pm - 8pm],Please check which hour blocks you are available to meet a new friend! [8pm - 9pm],Please check which hour blocks you are available to meet a new friend! [9pm - 10pm],Please check which hour blocks you are available to meet a new friend! [10pm - 11pm],Please check which hour blocks you are available to meet a new friend! [11pm - 12am]
2/7/2026 11:16:50,rsunadaw,"Sundays, Mondays, Tuesdays, Wednesdays, Thursdays, Fridays, Saturdays","Sundays, Mondays, Tuesdays, Wednesdays, Thursdays, Fridays, Saturdays","Sundays, Mondays, Tuesdays, Wednesdays, Thursdays, Fridays, Saturdays",,,,,"Sundays, Mondays, Tuesdays, Wednesdays, Thursdays, Fridays, Saturdays","Sundays, Mondays, Tuesdays, Wednesdays, Thursdays, Fridays, Saturdays",,,,,,,
2/7/2026 11:19:00,test0,"Sundays, Mondays","Sundays, Mondays","Sundays, Mondays","Sundays, Mondays","Sundays, Mondays","Sundays, Mondays","Sundays, Mondays","Sundays, Mondays","Sundays, Mondays","Sundays, Mondays","Sundays, Mondays","Sundays, Mondays","Sundays, Mondays","Sundays, Mondays","Sundays, Mondays","Sundays, Mondays"
2/7/2026 11:19:30,test02,Wednesdays,Wednesdays,Wednesdays,Wednesdays,Wednesdays,Wednesdays,"Sundays, Mondays, Tuesdays, Wednesdays, Thursdays, Fridays, Saturdays",Wednesdays,Wednesdays,Wednesdays,Wednesdays,Wednesdays,Wednesdays,Wednesdays,Wednesdays,Wednesdays